"Idanha-a-Nova","Portugal","It is a UNESCO Creative City of Music."
"Lisbon","Portugal","It is older than Rome, Paris, and even London."
"Porto","Portugal","The Livraria Lello bookstore inspired the library in Harry Potter."
"Coimbra","Portugal","Its university library houses a colony of bats to protect books from insects."
"Viseu","Portugal","It has been voted several times as the city with the best quality of life in Portugal."
"Sintra","Portugal","Lord Byron once described it as a 'Glorious Eden'."
"Algarve","Portugal","It features a chapel built entirely of human bones (Capela dos Ossos in Faro)."
"Madrid","Spain","Home to Sobrino de Botín, the oldest restaurant in the world."
"Barcelona","Spain","The Sagrada Família has been under construction for over 140 years."
"Ibiza","Spain","The island's soil is orange due to the high iron content in pine needles."
"Valencia","Spain","It is the birthplace of the world-famous dish, Paella."
"Seville","Spain","It is home to the largest Gothic cathedral in the world."
"Madrid","Spain","It has the highest number of cloudless days of any European capital."
"Paris","France","The Eiffel Tower was originally intended to be a temporary installation."
"Bordeaux","France","It is the largest urban UNESCO World Heritage site."
"Lyon","France","It is known as the gastronomic capital of the world."
"Nice","France","The city's famous 'Salade Niçoise' was originally a dish for the poor."
"Monaco","Monaco","It is smaller than New York City's Central Park."
"Rome","Italy","It has a museum entirely dedicated to pasta."
"Milan","Italy","The Duomo di Milano took nearly six centuries to complete."
"Tirana","Albania","The city is famous for its vibrant, multi-colored buildings."
"Durres","Albania","Home to the largest Roman amphitheater in the Balkans."
"Vlore","Albania","This is where the Albanian Declaration of Independence was proclaimed in 1912."
"Shkoder","Albania","One of the oldest and most historic towns in the Balkans."
"Elbasan","Albania","Known for the 'Summer Day' festival, a major pagan-origin celebration."
"Berat","Albania","Known as the 'City of a Thousand Windows'."
"Gjirokaster","Albania","Known as the 'Stone City' for its unique Ottoman architecture."
"Andorra la Vella","Andorra","The highest capital city in Europe."
"Escaldes-Engordany","Andorra","Home to Caldea, the largest thermal spa complex in Europe."
"Encamp","Andorra","Features the Funicamp, one of the longest cable cars in the world."
"La Massana","Andorra","Home to Coma Pedrosa, the highest mountain in Andorra."
"Ordino","Andorra","Considered the cultural center of Andorra."
"Vienna","Austria","Known as the 'City of Dreams' because it was home to Sigmund Freud."
"Salzburg","Austria","The birthplace of Wolfgang Amadeus Mozart."
"Innsbruck","Austria","It has hosted the Winter Olympics twice."
"Graz","Austria","Arnold Schwarzenegger was born in a village just outside this city."
"Linz","Austria","The PEZ candy was invented here in 1927."
"Klagenfurt","Austria","Legend says the city was founded after a dragon was killed nearby."
"Bregenz","Austria","Famous for its floating opera stage on Lake Constance."
"Minsk","Belarus","The city has been destroyed and rebuilt 18 times throughout history."
"Brest","Belarus","Home to a massive fortress that was the first to be attacked in WWII."
"Gomel","Belarus","Known for its beautiful Rumyantsev-Paskevich Palace."
"Grodno","Belarus","A city that preserved many historic buildings despite WWII destruction."
"Vitebsk","Belarus","The birthplace of the famous painter Marc Chagall."
"Mogilev","Belarus","It was the temporary capital of the Russian Empire during WWI."
"Brussels","Belgium","The city has over 800 types of beer available."
"Antwerp","Belgium","It is known as the Diamond Capital of the world."
"Bruges","Belgium","Often called the 'Venice of the North' due to its many canals."
"Ghent","Belgium","It becomes the largest car-free zone in Europe during its festivals."
"Leuven","Belgium","Home to the world's largest brewing company, AB InBev."
"Liege","Belgium","Famous for the Liège waffle, which has caramelized sugar chunks."
"Berlin","Germany","It has more bridges than Venice."
"Munich","Germany","The first Oktoberfest was a horse race to celebrate a royal wedding."
"Hamburg","Germany","It has the largest warehouse district in the world (Speicherstadt)."
"Cologne","Germany","The Cathedral survived 14 aerial hits during WWII while the city was flat."
"Frankfurt","Germany","It has the only skyline in Germany with high-rise skyscrapers."
"Stuttgart","Germany","Both Mercedes-Benz and Porsche have their headquarters here."
"Düsseldorf","Germany","Known for its 'Altbier' and the longest bar in the world."
"Dresden","Germany","Known as the 'Florence on the Elbe' for its baroque architecture."
"Leipzig","Germany","The first daily newspaper in the world was published here in 1650."
"Sarajevo","Bosnia and Herzegovina","It hosted the first Winter Olympics in a socialist state."
"Mostar","Bosnia and Herzegovina","Famous for the Stari Most, a bridge where locals dive into the river."
"Banja Luka","Bosnia and Herzegovina","Known as the 'City of Greenery' due to its many parks."
"Tuzla","Bosnia and Herzegovina","The only European city with salt lakes in its center."
"Zenica","Bosnia and Herzegovina","Known as the steel capital of the region."
"Sofia","Bulgaria","It is one of the oldest cities in Europe, dating back 7,000 years."
"Plovdiv","Bulgaria","The oldest continuously inhabited city in Europe."
"Varna","Bulgaria","The world's oldest gold treasure was found in its necropolis."
"Burgas","Bulgaria","Home to the largest refinery in Southeastern Europe."
"Ruse","Bulgaria","Known as 'Little Vienna' for its Neo-Baroque architecture."
"Stara Zagora","Bulgaria","Known as the city of lime trees and poets."
"Zagreb","Croatia","It has a Museum of Broken Relationships."
"Split","Croatia","The city grew out of the retirement palace of Roman Emperor Diocletian."
"Dubrovnik","Croatia","It served as the filming location for King's Landing in Game of Thrones."
"Rijeka","Croatia","The torpedo was invented and first tested here."
"Zadar","Croatia","Home to the 'Sea Organ' which plays music using wave energy."
"Pula","Croatia","Has one of the best-preserved Roman amphitheaters in the world."
"Nicosia","Cyprus","The last divided capital city in the world."
"Limassol","Cyprus","Richard the Lionheart married Berengaria of Navarre here in 1191."
"Larnaca","Cyprus","The city is built on the ruins of the ancient kingdom of Kition."
"Paphos","Cyprus","The entire town is a UNESCO World Heritage site."
"Famagusta","Cyprus","It is known as the 'City of 365 Churches'."
"Prague","Czech Republic","Home to the largest ancient castle in the world."
"Brno","Czech Republic","Gregor Mendel discovered the laws of genetics here."
"Ostrava","Czech Republic","Known as the 'Steel Heart of the Republic'."
"Plzen","Czech Republic","The birthplace of Pilsner beer."
"Liberec","Czech Republic","Home to the oldest zoo in the former Czechoslovakia."
"Copenhagen","Denmark","More than 60% of residents commute to work by bicycle."
"Aarhus","Denmark","Named the European Capital of Culture in 2017."
"Odense","Denmark","The birthplace of fairy tale writer Hans Christian Andersen."
"Aalborg","Denmark","Known for its 'Limfjorden' waterfront and Viking burial sites."
"Esbjerg","Denmark","Home to the massive 'Men at Sea' white sculptures."
"Tallinn","Estonia","It was the first city in the world to offer free public transport to residents."
"Tartu","Estonia","Known as the 'Intellectual Capital' of Estonia."
"Narva","Estonia","The easternmost point of the European Union."
"Parnu","Estonia","Known as the 'Summer Capital' of Estonia."
"Viljandi","Estonia","Famous for its annual folk music festival."
"Helsinki","Finland","It has the highest number of saunas per capita of any city."
"Tampere","Finland","Known as the 'Manchester of the North' for its industrial history."
"Turku","Finland","The oldest city in Finland and its former capital."
"Oulu","Finland","Known as the 'Silicon Valley of the North'."
"Jyväskylä","Finland","Known as the 'Athens of Finland'."
"Kuopio","Finland","Famous for the 'Kalakukko', a traditional fish pasty."
"Athens","Greece","It is the birthplace of democracy and Western philosophy."
"Thessaloniki","Greece","Known for its vibrant street life and Roman structures."
"Patras","Greece","Known as Greece's 'Gate to the West'."
"Heraklion","Greece","Located near the ancient Palace of Knossos."
"Larissa","Greece","One of the oldest continuously inhabited cities in the world."
"Volos","Greece","The mythical starting point of Jason and the Argonauts."
"Rhodes","Greece","Once home to the Colossus, one of the Seven Wonders of the Ancient World."
"Budapest","Hungary","It has more thermal springs than any other capital city."
"Debrecen","Hungary","Known as the 'Calvinist Rome'."
"Szeged","Hungary","Known as the 'City of Sunshine'."
"Miskolc","Hungary","Home to a unique cave bath in Miskolctapolca."
"Pecs","Hungary","Known for its Zsolnay ceramics and early Christian tombs."
"Reykjavik","Iceland","It is the northernmost capital city of a sovereign state."
"Akureyri","Iceland","Known as the 'Capital of North Iceland' and is remarkably warm."
"Keflavik","Iceland","Home to the country's main international airport."
"Hafnarfjordur","Iceland","Famous for its supposed 'hidden people' or elves."
"Selfoss","Iceland","The resting place of chess champion Bobby Fischer."
"Dublin","Ireland","It was founded by Vikings in the 9th century."
"Cork","Ireland","Residents often refer to it as 'the real capital'."
"Limerick","Ireland","Gave its name to a popular form of five-line humorous poetry."
"Galway","Ireland","Known as 'The City of Tribes'."
"Waterford","Ireland","Ireland's oldest city, famous for its crystal glass."
"Riga","Latvia","It has the highest concentration of Art Nouveau architecture in the world."
"Daugavpils","Latvia","The birthplace of painter Mark Rothko."
"Liepaja","Latvia","Known as the 'City where the wind is born'."
"Jelgava","Latvia","Home to the largest Baroque palace in the Baltic states."
"Ventspils","Latvia","Known for its many 'Cow Parade' sculptures."
"Vaduz","Liechtenstein","The city's castle is still the residence of the Princely Family."
"Schaan","Liechtenstein","The largest municipality in the country by population."
"Balzers","Liechtenstein","Famous for its Gutenburg Castle perched on a hill."
"Eschen","Liechtenstein","Known for its traditional pre-Roman settlements."
"Triesen","Liechtenstein","Home to several historic industrial buildings from the cotton era."
"Vilnius","Lithuania","It has an independent 'republic' within the city called Uzupis."
"Kaunas","Lithuania","It was the temporary capital of Lithuania between the World Wars."
"Klaipeda","Lithuania","The only port city in Lithuania."
"Siauliai","Lithuania","Home to the Hill of Crosses, a major pilgrimage site."
"Panevezys","Lithuania","Known as the 'City of Mills'."
"Luxembourg City","Luxembourg","It is one of the three official capitals of the European Union."
"Esch-sur-Alzette","Luxembourg","Was the European Capital of Culture in 2022."
"Differdange","Luxembourg","Known as the 'Iron City' due to its steel industry history."
"Dudelange","Luxembourg","Home to the largest radio transmitter in Luxembourg."
"Diekirch","Luxembourg","The first city in Luxembourg to have a pedestrian zone."
"Valletta","Malta","One of the most concentrated historic areas in the world."
"Sliema","Malta","The main coastal resort and commercial hub of Malta."
"St. Julian’s","Malta","Known for its nightlife and the 'Spinola Bay' views."
"Mosta","Malta","Its church dome is one of the largest unsupported domes in the world."
"Birkirkara","Malta","The largest city in Malta by population."
"Chisinau","Moldova","Known as the 'White City' because of its limestone buildings."
"Tiraspol","Moldova","The capital of the unrecognized state of Transnistria."
"Balti","Moldova","Known as the 'Northern Capital' of Moldova."
"Bender","Moldova","Home to a massive 16th-century Ottoman fortress."
"Cahul","Moldova","Famous for its thermal spas and folk music."
"Podgorica","Montenegro","It was formerly known as Titograd from 1946 to 1992."
"Bar","Montenegro","Home to an olive tree that is over 2,000 years old."
"Budva","Montenegro","One of the oldest settlements on the Adriatic coast."
"Niksic","Montenegro","The second-largest city and home to the famous Nikšićko beer."
"Kotor","Montenegro","A UNESCO site famous for its steep walls and many cats."
"Amsterdam","Netherlands","It has more canals than Venice and more bridges than Paris."
"Rotterdam","Netherlands","Home to the largest port in Europe."
"The Hague","Netherlands","The only major city with a beach directly on the North Sea coast."
"Utrecht","Netherlands","Famous for its unique wharfs located below street level."
"Eindhoven","Netherlands","Known as the 'City of Light' because Philips was founded here."
"Groningen","Netherlands","A major student city where 50% of all trips are made by bike."
"Maastricht","Netherlands","The birthplace of the European Union and the Euro currency."
"Oslo","Norway","The Nobel Peace Prize is awarded here every year."
"Bergen","Norway","Known as the 'City of Seven Mountains' and the gateway to the fjords."
"Trondheim","Norway","Was the capital of Norway during the Viking Age."
"Stavanger","Norway","The oil capital of Norway and home to the Canning Museum."
"Tromsø","Norway","Commonly called the 'Paris of the North'."
"Warsaw","Poland","It was almost completely destroyed in WWII and meticulously rebuilt."
"Krakow","Poland","The Main Market Square is the largest medieval town square in Europe."
"Wroclaw","Poland","Famous for hundreds of small bronze gnome statues hidden around the city."
"Gdansk","Poland","The birthplace of the Solidarity movement that ended communism in Poland."
"Poznan","Poland","Famous for two mechanical goats that butt heads every day at noon."
"Lodz","Poland","Known for its long Piotrkowska Street, one of the longest commercial streets."
"Szczecin","Poland","The city layout is famously based on the same star pattern as Paris."
"Bucharest","Romania","The Palace of the Parliament is the heaviest building in the world."
"Cluj-Napoca","Romania","Known as the unofficial capital of the Transylvania region."
"Timisoara","Romania","The first city in mainland Europe to have electric street lighting."
"Iasi","Romania","Home to the first university in Romania."
"Constanta","Romania","The largest port on the Black Sea."
"Craiova","Romania","The administrative center of the Dolj County and a hub for art."
"Moscow","Russia","The Moscow Metro is one of the deepest and most beautiful in the world."
"Saint Petersburg","Russia","Known as the 'Venice of the North' for its many canals."
"Kazan","Russia","Known as the 'Third Capital of Russia'."
"Nizhny Novgorod","Russia","It was a closed city to foreigners during the Soviet era."
"Rostov-on-Don","Russia","Known as the 'Gateway to the Caucasus'."
"Volgograd","Russia","Formerly known as Stalingrad, site of a turning point in WWII."
"San Marino","San Marino","The world's oldest republic, founded in 301 AD."
"Dogana","San Marino","The main entry point for travelers arriving from Italy."
"Serravalle","San Marino","The most populous municipality in the country."
"Borgo Maggiore","San Marino","The market town of the republic for over 500 years."
"Belgrade","Serbia","One of the oldest continuously inhabited cities in Europe."
"Novi Sad","Serbia","Home to the EXIT Festival held in a medieval fortress."
"Niš","Serbia","The birthplace of the Roman Emperor Constantine the Great."
"Kragujevac","Serbia","Was the first capital of modern Serbia."
"Subotica","Serbia","Famous for its unique Hungarian-style Art Nouveau architecture."
"Bratislava","Slovakia","The only national capital that borders two independent countries."
"Kosice","Slovakia","Home to the oldest marathon in Europe (founded 1924)."
"Presov","Slovakia","Known for its unique salt-mining history."
"Nitra","Slovakia","The oldest city in Slovakia, mentioned in 828 AD."
"Zilina","Slovakia","A major industrial hub and gateway to the Mala Fatra mountains."
"Ljubljana","Slovenia","Its name translates to 'The Beloved One'."
"Maribor","Slovenia","Home to the world's oldest living grapevine (over 400 years old)."
"Celje","Slovenia","Known as the 'City of Counts'."
"Koper","Slovenia","The largest coastal town in Slovenia with an Italian influence."
"Velenje","Slovenia","One of the sunniest and newest cities in Slovenia."
"Stockholm","Sweden","The city is built on 14 islands connected by 57 bridges."
"Gothenburg","Sweden","Home to Liseberg, the largest amusement park in Scandinavia."
"Malmo","Sweden","Connected to Copenhagen by the massive Oresund Bridge."
"Uppsala","Sweden","Home to the oldest university in Scandinavia (founded 1477)."
"Vasteras","Sweden","The birthplace of the retail giant H&M."
"Orebro","Sweden","Famous for its beautiful 13th-century castle in the city center."
"Zurich","Switzerland","It has over 1,200 drinking fountains with fresh alpine water."
"Geneva","Switzerland","Known as the 'Peace Capital' and home to the Red Cross."
"Basel","Switzerland","Has the highest concentration of museums in the country."
"Bern","Switzerland","The city's symbol is the bear, and live bears live in a park there."
"Lausanne","Switzerland","The headquarters of the International Olympic Committee."
"Lugano","Switzerland","The largest Italian-speaking city outside of Italy."
"Kyiv","Ukraine","Home to the deepest subway station in the world (Arsenalna)."
"Lviv","Ukraine","Known as the 'Coffee Capital' of Ukraine."
"Odessa","Ukraine","Famous for the 'Potemkin Stairs' leading to the harbor."
"Kharkiv","Ukraine","The first capital of the Ukrainian Soviet Socialist Republic."
"Dnipro","Ukraine","A former closed city due to its secret rocket industry."
"Zaporizhzhia","Ukraine","Home to Khortytsia, the historic island of the Cossacks."
"London","United Kingdom","It was the first city in the world to have an underground railway."
"Manchester","United Kingdom","The world's first industrial city and the site where the atom was first split."
"Birmingham","United Kingdom","It has more miles of canals than Venice."
"Edinburgh","United Kingdom","The first city in the world to have its own fire brigade."
"Glasgow","United Kingdom","It has the only subway system in Scotland, called the 'Clockwork Orange'."
"Liverpool","United Kingdom","The hometown of the Beatles and a major historic port."
"Bristol","United Kingdom","The birthplace of the street artist Banksy."
"Leeds","United Kingdom","Home to the oldest continuously running film cinema in the UK."
"Vatican City","Vatican City","The smallest country in the world by both area and population."
"New York","United States","The first pizza parlor in the US opened here in 1905."
"Los Angeles","United States","The Hollywood sign originally read 'Hollywoodland'."
"Chicago","United States","The world's first skyscraper was built here in 1885."
"Houston","United States","It is the only major US city without formal zoning laws."
"Phoenix","United States","It is the sunniest major city in the world."
"Philadelphia","United States","Home to the first hospital and first library in the US."
"San Antonio","United States","The most visited city in Texas thanks to the Alamo."
"San Diego","United States","Known as the 'Birthplace of California'."
"Dallas","United States","The frozen margarita machine was invented here."
"San Francisco","United States","The Golden Gate Bridge was originally supposed to be black and yellow."
"Toronto","Canada","It is the most multicultural city in the world."
"Vancouver","Canada","Known as the 'Hollywood North' for its film industry."
"Montreal","Canada","It is the second-largest French-speaking city in the world."
"Calgary","Canada","Hosted the first Winter Olympics in Canada (1988)."
"Edmonton","Canada","Home to the largest shopping mall in North America."
"Winnipeg","Canada","The character Winnie-the-Pooh was named after this city."
"Quebec City","Canada","The only walled city north of Mexico in North America."
"Ottawa","Canada","Home to the Rideau Canal, the world's largest skating rink in winter."
"Mexico City","Mexico","It is sinking by about 10 inches every year."
"Guadalajara","Mexico","The birthplace of Mariachi music and Tequila."
"Monterrey","Mexico","Known as the 'Sultan of the North' and an industrial powerhouse."
"Puebla","Mexico","Where the Battle of Puebla (Cinco de Mayo) took place."
"Tijuana","Mexico","The most visited border city in the world."
"Leon","Mexico","Known as the 'Shoe Capital of the World'."
"Merida","Mexico","Built on the site of an ancient Mayan city called T'ho."
"Cancun","Mexico","The name translates to 'Nest of Serpents' in Mayan."
"Belize City","Belize","It was the capital until a hurricane forced the government to move inland."
"Belmopan","Belize","One of the newest and smallest capital cities in the world."
"San Ignacio","Belize","The gateway to the Mayan ruins of Xunantunich."
"Orange Walk Town","Belize","Known as 'Sugar City' because of the local sugar industry."
"Corozal Town","Belize","Located right on the border with Mexico."
"San José","Costa Rica","One of the first cities in the world to have electric street lighting."
"Alajuela","Costa Rica","The hometown of the national hero, Juan Santamaría."
"Cartago","Costa Rica","The former capital and home to the Basilica of Our Lady of the Angels."
"Heredia","Costa Rica","Known as the 'City of Flowers'."
"Limón","Costa Rica","Christopher Columbus landed here in 1502."
"San Salvador","El Salvador","Surrounded by several volcanoes, including the massive Boquerón."
"Santa Ana","El Salvador","Famous for its stunning Gothic-style cathedral."
"San Miguel","El Salvador","Known for hosting the biggest carnival in Central America."
"Mejicanos","El Salvador","Famous for its traditional 'Yuca con Chicharrón' dish."
"Soyapango","El Salvador","The most densely populated city in the country."
"Guatemala City","Guatemala","Located in a valley surrounded by three massive volcanoes."
"Quetzaltenango","Guatemala","Commonly called 'Xela' by the locals."
"Escuintla","Guatemala","Known as the 'City of the Palms'."
"Villa Nueva","Guatemala","A major industrial and residential hub near the capital."
"Mixco","Guatemala","Known for its traditional production of chocolate."
"Tegucigalpa","Honduras","The name means 'Silver Hill' in the local indigenous language."
"San Pedro Sula","Honduras","Known as the industrial capital of Honduras."
"La Ceiba","Honduras","Known as the 'Friendship City' and the ecotourism capital."
"Choloma","Honduras","The fastest-growing city in the country due to manufacturing."
"Comayagua","Honduras","Home to one of the oldest working clocks in the world."
"Managua","Nicaragua","It is located on a fault line and has suffered many earthquakes."
"Leon","Nicaragua","Home to the largest cathedral in Central America."
"Granada","Nicaragua","One of the oldest European-established cities in the Americas."
"Masaya","Nicaragua","Known as the 'City of Flowers' and for its active volcano."
"Estelí","Nicaragua","Famous for its high-quality cigar production."
"Panama City","Panama","The only capital city in the world that has a rainforest within city limits."
"Colón","Panama","The second-largest free-trade zone in the world."
"David","Panama","Known as the 'City of the Moon'."
"Chitré","Panama","Known as the 'City where no one is a stranger'."
"Santiago","Panama","The only city in Panama that has access to both oceans by land."
"Buenos Aires","Argentina","It has more bookshops per capita than any other city in the world."
"Córdoba","Argentina","Home to the oldest university in Argentina, founded in 1613."
"Rosario","Argentina","The birthplace of Che Guevara and Lionel Messi."
"Mendoza","Argentina","The heart of Argentina's wine industry, famous for Malbec."
"La Plata","Argentina","The first city in Latin America to have electric street lighting."
"Mar del Plata","Argentina","The most popular beach resort in the country."
"San Miguel de Tucumán","Argentina","The place where Argentina's independence was declared in 1816."
"La Paz","Bolivia","The highest administrative capital in the world."
"Santa Cruz de la Sierra","Bolivia","The most populous and economically active city in Bolivia."
"Cochabamba","Bolivia","Known as the 'City of Eternal Spring'."
"Sucre","Bolivia","The constitutional capital of Bolivia and a UNESCO site."
"Tarija","Bolivia","Known as the 'Bolivian Andalusia' for its wine and culture."
"Oruro","Bolivia","Famous for its Carnival, one of the biggest folklore events in the world."
"São Paulo","Brazil","It has the largest helicopter fleet in the world."
"Rio de Janeiro","Brazil","The city was once the capital of Portugal (the only one outside Europe)."
"Brasília","Brazil","Designed to look like an airplane from above."
"Salvador","Brazil","The first capital of Brazil and the heart of Afro-Brazilian culture."
"Fortaleza","Brazil","One of the closest Brazilian cities to Europe."
"Recife","Brazil","Known as the 'Venice of Brazil' for its many rivers and bridges."
"Porto Alegre","Brazil","The birthplace of the 'Churrasco' (Brazilian BBQ)."
"Curitiba","Brazil","The city is world-famous for its sustainable urban planning."
"Manaus","Brazil","An industrial city located in the middle of the Amazon rainforest."
"Belo Horizonte","Brazil","Known as the 'Bar Capital' for its high number of pubs."
"Santiago","Chile","Home to the tallest building in South America (Gran Torre Santiago)."
"Valparaíso","Chile","Famous for its colorful houses and historic funiculars."
"Concepción","Chile","Known as the 'Independence Capital' of Chile."
"Antofagasta","Chile","Known as the 'Pearl of the North' and center of copper mining."
"Temuco","Chile","Where the poet Pablo Neruda spent his childhood."
"La Serena","Chile","The second-oldest city in Chile and a hub for astronomy."
"Iquique","Chile","Home to one of the largest duty-free ports in South America."
"Bogotá","Colombia","It has the largest network of bicycle routes in Latin America."
"Medellín","Colombia","Once dangerous, it is now known as the 'City of Eternal Spring'."
"Cali","Colombia","Known as the 'Salsa Capital of the World'."
"Barranquilla","Colombia","Host to the second-largest carnival in the world after Rio."
"Cartagena","Colombia","A UNESCO site famous for its massive colonial stone walls."
"Bucaramanga","Colombia","Known as the 'City of Parks'."
"Quito","Ecuador","The first city ever to be named a UNESCO World Heritage site."
"Guayaquil","Ecuador","The largest city in Ecuador and its main port."
"Cuenca","Ecuador","Famous for being the true origin of 'Panama hats'."
"Santo Domingo","Ecuador","Named after the Tsáchila indigenous group known as 'Colorados'."
"Manta","Ecuador","Known as the 'Tuna Capital of the World'."
"Georgetown","Guyana","Known as the 'Garden City of the Caribbean'."
"Linden","Guyana","The second-largest city and a hub for bauxite mining."
"New Amsterdam","Guyana","Founded by the Dutch and located on the Berbice River."
"Corriverton","Guyana","The easternmost town in Guyana, bordering Suriname."
"Mahdia","Guyana","A gold and diamond mining town in the Amazonian region."
"Asunción","Paraguay","One of the oldest cities in South America, founded in 1537."
"Ciudad del Este","Paraguay","One of the largest free-trade zones in the world."
"Encarnación","Paraguay","Known as the 'Pearl of the South' and the carnival capital."
"Luque","Paraguay","Home to the headquarters of CONMEBOL (South American Football)."
"San Lorenzo","Paraguay","Known as the 'University City' because of the national university."
"Lima","Peru","Known as the 'Gastronomical Capital of the Americas'."
"Arequipa","Peru","Known as the 'White City' because buildings are made of sillar volcanic stone."
"Trujillo","Peru","The birthplace of the traditional 'Marinera' dance."
"Chiclayo","Peru","Known as the 'City of Friendship'."
"Piura","Peru","The first city founded by the Spanish in Peru."
"Iquitos","Peru","The largest city in the world that cannot be reached by road."
"Paramaribo","Suriname","The city's historic center is built almost entirely of wood."
"Lelydorp","Suriname","The second-largest city, named after a Dutch governor."
"Nieuw Nickerie","Suriname","The rice capital of Suriname."
"Moengo","Suriname","A former bauxite mining hub and cultural center."
"Albina","Suriname","A border town used to cross into French Guiana."
"Montevideo","Uruguay","It has the longest continuous sidewalk (Rambla) in the world."
"Salto","Uruguay","Famous for its thermal springs and orange groves."
"Paysandú","Uruguay","Known as the 'Heroic City' and for its famous 'Chajá' dessert."
"Las Piedras","Uruguay","The site of a major battle during the struggle for independence."
"Rivera","Uruguay","It shares a border street with Brazil where you can walk between countries."
"Caracas","Venezuela","Located in a valley separated from the Caribbean by a huge mountain."
"Maracaibo","Venezuela","Home to the 'Catatumbo lightning', which strikes 250 times an hour."
"Valencia","Venezuela","The main industrial hub of the country."
"Barquisimeto","Venezuela","Known as the 'Twilight City' for its beautiful sunsets."
"Maracay","Venezuela","Known as the 'Garden City' of Venezuela."
"Ciudad Guayana","Venezuela","A planned city located at the meeting point of two massive rivers."
"Algiers","Algeria","Known as 'Algiers the White' for its glistening white buildings."
"Oran","Algeria","The birthplace of Raï music."
"Constantine","Algeria","Known as the 'City of Bridges'."
"Annaba","Algeria","The site of the ancient city of Hippo Regius where St. Augustine lived."
"Blida","Algeria","Known as the 'City of Roses'."
"Batna","Algeria","Located near the ancient Roman ruins of Timgad."
"Luanda","Angola","Once one of the most expensive cities for expats in the world."
"Huambo","Angola","Formerly known as Nova Lisboa (New Lisbon)."
"Lobito","Angola","Famous for the Restinga peninsula, a long sandspit with beaches."
"Benguela","Angola","An important historic port during the colonial era."
"Kuito","Angola","Known for its history as the center of the Ovimbundu kingdom."
"Malanje","Angola","Home to the spectacular Kalandula Falls."
"Porto-Novo","Benin","The official capital, though Cotonou is the largest city."
"Cotonou","Benin","The name means 'the mouth of the river of death' in Fon."
"Parakou","Benin","The largest city in northern Benin and a major market hub."
"Djougou","Benin","An important commercial crossroads for West African trade."
"Bohicon","Benin","Known for its underground village of Agongointo."
"Gaborone","Botswana","One of the fastest-growing cities in the world since the 1960s."
"Francistown","Botswana","Known as the 'Capital of the North' and site of a gold rush."
"Maun","Botswana","The gateway to the famous Okavango Delta."
"Serowe","Botswana","The birthplace of Botswana's first president, Seretse Khama."
"Molepolole","Botswana","The traditional capital of the Bakwena people."
"Ouagadougou","Burkina Faso","Home to FESPACO, Africa's largest film festival."
"Bobo-Dioulasso","Burkina Faso","Known for its unique Great Mosque made of mud and wood."
"Koudougou","Burkina Faso","The third-largest city and a center for textile production."
"Banfora","Burkina Faso","Famous for its waterfalls and sugarcane fields."
"Ouahigouya","Burkina Faso","Founded in 1757 as the capital of the Yatenga Kingdom."
"Gitega","Burundi","The political capital of Burundi since 2019."
"Bujumbura","Burundi","Located on the shores of Lake Tanganyika, the world's longest lake."
"Rumonge","Burundi","Famous for its palm oil production and beaches."
"Cibitoke","Burundi","A major region for cotton and tobacco farming."
"Kayanza","Burundi","One of the most densely populated regions in Africa."
"Praia","Cape Verde","Located on Santiago, the largest island of the archipelago."
"Mindelo","Cape Verde","Known as the cultural capital and birthplace of Cesária Évora."
"Santa Maria","Cape Verde","Famous for its turquoise water and white sand beaches."
"Espargos","Cape Verde","The administrative center of Sal Island."
"Tarrafal","Cape Verde","Famous for its palm-fringed bay and former political prison."
"Yaoundé","Cameroon","Known as the 'City of Seven Hills'."
"Douala","Cameroon","The largest city and the economic capital of Cameroon."
"Garoua","Cameroon","A major river port and center for the cotton industry."
"Bamenda","Cameroon","A major hub of the English-speaking region of the country."
"Maroua","Cameroon","Known for its embroidery and colorful markets."
"Bangui","CAR","Located on the banks of the Ubangi River."
"Bimbo","CAR","The second-largest city in the Central African Republic."
"Mbaïki","CAR","Known for its coffee and timber industries."
"Berbérati","CAR","A major center for diamond mining."
"Kaga-Bandoro","CAR","An important agricultural and livestock market."
"N'Djamena","Chad","The city was founded by the French as Fort-Lamy in 1900."
"Moundou","Chad","The industrial center of the country, famous for its Gala beer."
"Abéché","Chad","Once the capital of the powerful Wadai Empire."
"Sarh","Chad","Known for its warm climate and cotton production."
"kelo","Chad","A major commercial center for agriculture."
"Moroni","Comoros","The name translates to 'in the heart of the fire'."
"Mutsamudu","Comoros","The only deep-water port in the Comoros."
"Fomboni","Comoros","The smallest of the three island capitals."
"Domoni","Comoros","Known for its historic carved wooden doors."
"Sima","Comoros","A picturesque town on the island of Anjouan."
"Brazzaville","Congo","Facing Kinshasa, they are the two closest capital cities in the world."
"Pointe-Noire","Congo","The main port and the center of the country's oil industry."
"Dolisie","Congo","The third-largest city and a major rail hub."
"Nkayi","Congo","The sugar capital of the Republic of the Congo."
"Impfondo","Congo","Located in a remote area near the border with DRC."
"Kinshasa","DR Congo","It is the largest Francophone city in the world, surpassing Paris."
"Lubumbashi","DR Congo","The mining capital of the country, rich in copper and cobalt."
"Mbuji-Mayi","DR Congo","The world's largest producer of industrial diamonds."
"Goma","DR Congo","Located at the foot of the active Nyiragongo Volcano."
"Kisangani","DR Congo","Known as the 'City of Hope' and the furthest point up the Congo River."
"Matadi","DR Congo","The country's main sea port."
"Abidjan","Ivory Coast","Known as the 'Manhattan of Africa' for its skyscrapers."
"Yamoussoukro","Ivory Coast","Home to the largest church building in the world."
"Bouaké","Ivory Coast","Known for its vibrant cotton and textile industries."
"Daloa","Ivory Coast","The main hub for the country's massive cocoa production."
"Korhogo","Ivory Coast","The center of the Senufo people and traditional weaving."
"Djibouti","Djibouti","The lowest point in Africa, Lake Assal, is nearby."
"Tadjoura","Djibouti","One of the oldest towns in the Horn of Africa."
"Ali Sabieh","Djibouti","Famous for its 'Train of the Desert' and mountain views."
"Dikhil","Djibouti","Known as the 'City of Unity'."
"Obock","Djibouti","The first place in the country to be settled by the French."
"Cairo","Egypt","The only remaining Ancient Wonder of the World is on its outskirts."
"Alexandria","Egypt","Founded by Alexander the Great in 331 BC."
"Giza","Egypt","Home to the Great Sphinx and the Pyramids."
"Sharm el-Sheikh","Egypt","One of the world's top destinations for scuba diving."
"Luxor","Egypt","Often called the 'World's Largest Open-Air Museum'."
"Aswan","Egypt","Home to the High Dam and the Philae Temple."
"Port Said","Egypt","Located at the northern entrance of the Suez Canal."
"Malabo","Equatorial Guinea","The capital city is located on an island, not the mainland."
"Bata","Equatorial Guinea","The largest city in the country, located on the mainland."
"Aconibe","Equatorial Guinea","The birthplace of the current president."
"Mongomo","Equatorial Guinea","Located right on the border with Gabon."
"Mbini","Equatorial Guinea","A coastal town known for its seafood and river views."
"Asmara","Eritrea","A UNESCO site famous for its well-preserved Art Deco architecture."
"Keren","Eritrea","Known for its historic battlefield sites from WWII."
"Massawa","Eritrea","Known as the 'Pearl of the Red Sea'."
"Assab","Eritrea","A major oil refinery and port city."
"Barentu","Eritrea","The center of the Nara and Kunama ethnic groups."
"Mbabane","Eswatini","The administrative capital located in the Dlangeni Hills."
"Manzini","Eswatini","The country's main industrial and commercial hub."
"Big Bend","Eswatini","Named after a major curve in the Lusutfu River."
"Nhlangano","Eswatini","The name means 'The Place of Meeting'."
"Siteki","Eswatini","Known for its school of traditional healers (Inyanga)."
"Addis Ababa","Ethiopia","The highest capital city in Africa (2,355 meters)."
"Gondar","Ethiopia","Known as the 'Camelot of Africa' for its medieval castles."
"Mekelle","Ethiopia","The economic and cultural hub of northern Ethiopia."
"Dire Dawa","Ethiopia","A major railway hub connecting Ethiopia and Djibouti."
"Awasa","Ethiopia","Located on the shores of Lake Awassa in the Great Rift Valley."
"Bahir Dar","Ethiopia","The gateway to the Blue Nile Falls."
"Libreville","Gabon","The name means 'Free Town', founded by freed slaves."
"Port-Gentil","Gabon","The center of Gabon's petroleum and timber industries."
"Franceville","Gabon","One of the four largest cities and the end of the Trans-Gabon Railway."
"Oyem","Gabon","A major center for the cocoa and coffee trade."
"Moanda","Gabon","One of the world's most important manganese mining towns."
"Banjul","Gambia","Located on St Mary's Island where the Gambia River meets the ocean."
"Serekunda","Gambia","The largest urban center in the Gambia, bigger than the capital."
"Brikama","Gambia","Known for its woodcarving industry and musicians."
"Bakau","Gambia","Home to the Kachikally Crocodile Pool, a sacred site."
"Farafenni","Gambia","A major transport hub on the Trans-Gambia Highway."
"Accra","Ghana","The name comes from the word 'Nkran', meaning ants."
"Kumasi","Ghana","Known as the 'Garden City' and seat of the Asante King."
"Takoradi","Ghana","Commonly known as the 'Oil City' of Ghana."
"Tamale","Ghana","The fastest-growing city in West Africa."
"Sunyani","Ghana","Known for its clean environment and cocoa industry."
"Ho","Ghana","The capital of the Volta Region, known for its mountain views."
"Conakry","Guinea","Built on Tombo Island and the Kaloum Peninsula."
"Nzérékoré","Guinea","The center of the country's forest region."
"Kankan","Guinea","Known for its university and as a center of Mandinka culture."
"Labé","Guinea","The main city of the Fouta Djallon highlands."
"Kindia","Guinea","Known for its banana plantations and the 'Bridal Veil' falls."
"Bissau","Guinea-Bissau","Known for its Portuguese colonial architecture and carnival."
"Bafata","Guinea-Bissau","The birthplace of the revolutionary leader Amílcar Cabral."
"Gabú","Guinea-Bissau","The largest market town in the east of the country."
"Cacheu","Guinea-Bissau","The site of one of the first European settlements in West Africa."
"Bolama","Guinea-Bissau","The former capital of the country until 1941."
"Nairobi","Kenya","The only major city in the world with a National Park inside it."
"Mombasa","Kenya","An island city known for its beautiful white sand beaches."
"Kisumu","Kenya","A major port city on the shores of Lake Victoria."
"Eldoret","Kenya","The hometown of many of the world's greatest marathon runners."
"Nakuru","Kenya","Famous for the millions of flamingos that flock to its lake."
"Thika","Kenya","Known as the 'Industrial Town' and for its pineapple plantations."
"Maseru","Lesotho","The name means 'Place of the Red Sandstone'."
"Teyateyaneng","Lesotho","Known as the 'Place of Quick Sands'."
"Mafeteng","Lesotho","A major commercial center near the South African border."
"Leribe","Lesotho","Home to the famous Subeng River dinosaur footprints."
"Quthing","Lesotho","A rugged mountain town with ancient rock art nearby."
"Monrovia","Liberia","Named after James Monroe, the fifth US President."
"Gbarnga","Liberia","The center of the Kpelle people and a major university town."
"Kakata","Liberia","A major center for rubber production."
"Bensonville","Liberia","An important agricultural hub for the capital region."
"Harbel","Liberia","Home to the world's largest rubber plantation (Firestone)."
"Tripoli","Libya","Known as the 'Mermaid of the Mediterranean'."
"Benghazi","Libya","The second-largest city and a major historical port."
"Misrata","Libya","Considered the commercial capital of Libya."
"Sabha","Libya","An oasis city in the heart of the Sahara desert."
"Derna","Libya","Known for its unique Mediterranean climate and waterfalls."
"Antananarivo","Madagascar","The name means 'The City of the Thousand'."
"Toamasina","Madagascar","The main seaport of the country."
"Antsirabe","Madagascar","Known as the 'City of Water' due to its thermal springs."
"Mahajanga","Madagascar","Famous for its giant, 700-year-old Baobab tree."
"Fianarantsoa","Madagascar","Known as the academic and intellectual capital of the island."
"Lilongwe","Malawi","Known as the 'Garden City' due to its lush greenery."
"Blantyre","Malawi","Named after the birthplace of the explorer David Livingstone."
"Mzuzu","Malawi","The capital of the northern region, near Lake Malawi."
"Zomba","Malawi","The former capital city and home to the Zomba Plateau."
"Kasungu","Malawi","Located near the birthplace of the country's first president."
"Bamako","Mali","One of the fastest-growing cities in Africa."
"Sikasso","Mali","Known for its vibrant fruit and vegetable markets."
"Mopti","Mali","Known as the 'Venice of Mali' because it sits on three islands."
"Kayes","Mali","Often called the 'Pressure Cooker of Africa' because of its heat."
"Segou","Mali","The former capital of the Bambara Empire."
"Nouakchott","Mauritania","The name means 'Place of the Winds'."
"Nouadhibou","Mauritania","Home to one of the world's largest ship graveyards."
"Rosso","Mauritania","A major river port on the border with Senegal."
"Kaédi","Mauritania","Known for its unique architecture and medical center."
"Zouerate","Mauritania","The center of the country's iron ore mining industry."
"Port Louis","Mauritius","Founded by the French in 1735 as a major port."
"Beau Bassin","Mauritius","Part of the twin town Beau Bassin-Rose Hill."
"Vacoas","Mauritius","Known for its pleasant, cooler climate and gymkhanas."
"Curepipe","Mauritius","Often called 'La Ville Lumière' (The City of Light)."
"Quatre Bornes","Mauritius","Known as 'The Flower Town'."
"Rabat","Morocco","One of Morocco's four Imperial Cities."
"Casablanca","Morocco","Home to the Hassan II Mosque, which has the world's second tallest minaret."
"Marrakesh","Morocco","Known as the 'Red City' because of its clay buildings."
"Fes","Morocco","Home to the oldest continuously operating university in the world."
"Tangier","Morocco","A city that once existed as an international zone (Interzone)."
"Agadir","Morocco","Completely rebuilt after a devastating earthquake in 1960."
"Maputo","Mozambique","Known as the 'City of Acacias'."
"Beira","Mozambique","A major port city located on the Pungwe River."
"Nampula","Mozambique","The 'Capital of the North' and center of cashew production."
"Quelimane","Mozambique","Known for its large coconut plantations."
"Tete","Mozambique","One of the hottest cities in Mozambique."
"Windhoek","Namibia","One of the world's cleanest capital cities."
"Swakopmund","Namibia","A coastal city with strong German colonial architecture."
"Walvis Bay","Namibia","The only natural deep-water harbor in Namibia."
"Oshakati","Namibia","Considered the spiritual heartland of northern Namibia."
"Rundu","Namibia","Known for its woodcarving markets along the Okavango River."
"Niamey","Niger","Located on the banks of the Niger River."
"Zinder","Niger","The former capital and center of the Hausa culture."
"Maradi","Niger","The economic and groundnut capital of Niger."
"Agadez","Niger","The gateway to the Air Mountains and the Sahara."
"Diffa","Niger","Known for its proximity to Lake Chad."
"Lagos","Nigeria","The largest city in Africa and a major financial hub."
"Abuja","Nigeria","A purpose-built planned city that became the capital in 1991."
"Kano","Nigeria","The oldest city in West Africa, dating back over 1,000 years."
"Ibadan","Nigeria","Once the largest city in West Africa during the colonial era."
"Benin City","Nigeria","Famous for the historic 'Benin Bronzes' (ancient metal art)."
"Port Harcourt","Nigeria","Known as the 'Garden City' and center of the oil industry."
"Kaduna","Nigeria","A major industrial and transport hub in northern Nigeria."
"Kigali","Rwanda","Widely considered the cleanest city in all of Africa."
"Butare","Rwanda","Known as the intellectual capital and home to the National Museum."
"Gisenyi","Rwanda","A resort town on the shores of Lake Kivu."
"Ruhengeri","Rwanda","The gateway to the Volcanoes National Park and mountain gorillas."
"Cyangugu","Rwanda","Located at the southern end of Lake Kivu."
"Sao Tome","Sao Tome and Principe","The capital of the second-smallest country in Africa."
"Trindade","Sao Tome and Principe","A major town in the Mé-Zóchi district."
"Neves","Sao Tome and Principe","An industrial town and major port for the island."
"Guadalupe","Sao Tome and Principe","Known for its nearby beautiful beaches like Lagoa Azul."
"Santa Cruz","Sao Tome and Principe","A historic town on the eastern coast of the island."
"Dakar","Senegal","The westernmost city on the African mainland."
"Thiès","Senegal","Known for its tapestry-making industry."
"Saint-Louis","Senegal","The former capital of French West Africa."
"Ziguinchor","Senegal","The capital of the Casamance region, known for its lush vegetation."
"Kaolack","Senegal","A major center for the peanut trade and salt production."
"Victoria","Seychelles","One of the smallest capital cities in the world."
"Anse Royale","Seychelles","Home to the University of Seychelles and beautiful beaches."
"Beau Vallon","Seychelles","The most popular and famous beach destination on Mahe."
"Takamaka","Seychelles","Known for its traditional rum distillery."
"Bel Ombre","Seychelles","Famous for the legend of the hidden 'La Buse' pirate treasure."
"Freetown","Sierra Leone","Founded as a home for resettled formerly enslaved people."
"Bo","Sierra Leone","The second-largest city and a center for diamond trading."
"Kenema","Sierra Leone","The main hub of the country's timber and diamond industries."
"Makeni","Sierra Leone","A major educational and commercial center in the north."
"Koidu","Sierra Leone","The capital of the diamond-rich Kono District."
"Mogadishu","Somalia","Known as the 'White Pearl of the Indian Ocean'."
"Hargeisa","Somalia","The capital of the self-declared state of Somaliland."
"Bosaso","Somalia","The main commercial port of the Puntland region."
"Kismayo","Somalia","A strategic port city near the mouth of the Juba River."
"Baidoa","Somalia","Known as the 'Granary of Somalia' for its agriculture."
"Johannesburg","South Africa","It is the world's largest city not situated on a river, lake, or coastline."
"Cape Town","South Africa","Home to Table Mountain, one of the New Seven Wonders of Nature."
"Durban","South Africa","Has the largest Indian population outside of India."
"Pretoria","South Africa","Known as the 'Jacaranda City' for its thousands of purple-flowered trees."
"Port Elizabeth","South Africa","Known as the 'Friendly City' and the 'Windy City'."
"Bloemfontein","South Africa","The 'City of Roses' and the judicial capital of the country."
"Juba","South Sudan","The capital of the world's youngest internationally recognized country."
"Wau","South Sudan","A major cultural and commercial hub in the Bahr el Ghazal region."
"Malakal","South Sudan","A strategic city on the banks of the White Nile."
"Bor","South Sudan","The site where the Second Sudanese Civil War began in 1983."
"Yei","South Sudan","A major agricultural trade hub near the border with Uganda."
"Khartoum","Sudan","Where the Blue Nile and the White Nile meet."
"Omdurman","Sudan","The largest city in Sudan and its cultural capital."
"Port Sudan","Sudan","The country's primary gateway to the Red Sea."
"Kassala","Sudan","Famous for the spectacular Taka Mountains that surround it."
"Nyala","Sudan","The capital of South Darfur and a major trade center."
"Dar es Salaam","Tanzania","The name means 'Abode of Peace' in Arabic."
"Dodoma","Tanzania","The national capital, located in the heart of the country."
"Arusha","Tanzania","The gateway to Mount Kilimanjaro and the Serengeti."
"Mwanza","Tanzania","Known as the 'Rock City' due to its massive lake boulders."
"Tanga","Tanzania","The second-largest seaport in Tanzania."
"Lomé","Togo","The only African capital that was once a German colony."
"Sokodé","Togo","The second-largest city and center of the Kotokoli people."
"Kara","Togo","The hometown of the former president Gnassingbé Eyadéma."
"Atakpamé","Togo","Known as the 'City of Seven Hills'."
"Dapaong","Togo","The northernmost major town near the border with Burkina Faso."
"Tunis","Tunisia","The ruins of ancient Carthage are located in its suburbs."
"Sfax","Tunisia","The economic capital"
